scenario_id,target_id,model,prediction_id,market_id,question,entity,direction,anchor_ts,exit_ts,entry_price,exit_price,stake,shares,pnl,realized,skip_reason
TRD01,target_up_1h,limix,00b88b4f-5fd8-4cea-a401-3eabb91f63f6,1435843,GRVT FDV above $200M one day after launch?,,long_yes,2026-07-13T08:00:00+00:00,2026-07-13T09:00:00+00:00,0.87,0.86,100.0,114.94252873563218,-1.1494252873563229,True,
TRD01,target_up_1h,limix,ac011c57-0825-4000-b1ba-d3e6fbd093ad,2009764,Will China GDP growth in Q2 2026 be between 4.3% and 4.6%?,CHINA,long_yes,2026-07-13T08:00:00+00:00,2026-07-13T09:00:00+00:00,0.386,0.386,100.0,259.0673575129534,0.0,True,
TRD01,target_up_1h,limix,02fe8ef1-d74d-40a9-b1e9-7148763bfc60,2068882,Will the Bank of Russia decrease the key rate after the July Meeting?,,long_yes,2026-07-13T08:00:00+00:00,2026-07-13T09:00:00+00:00,0.26,0.245,100.0,384.6153846153846,-5.769230769230774,True,
TRD01,target_up_1h,limix,8bebbe38-9280-470b-a981-392f0205e0e6,2232193,"Will Russia enter Dopropillia by December 31, 2026?",,long_yes,2026-07-13T08:00:00+00:00,2026-07-13T09:00:00+00:00,0.62,0.615,100.0,161.29032258064515,-0.8064516129032265,True,
TRD01,target_up_1h,limix,b41be0a8-7680-47a8-bb98-93d4c3ce0bda,2299952,Will Anthropic's valuation hit (HIGH) $3.0T by December 31?,ANTHROPIC,long_no,2026-07-13T07:30:00+00:00,2026-07-13T08:30:00+00:00,0.9,0.89,100.0,111.11111111111111,-1.111111111111112,True,
TRD01,target_up_1h,limix,9369c686-5464-476d-b8b3-9250750a83d1,2479863,Will SpaceX Starship Flight Test 13 launch by July 31?,,long_yes,2026-07-13T08:00:00+00:00,2026-07-13T09:00:00+00:00,0.96,0.9450000000000001,100.0,104.16666666666667,-1.5624999999999898,True,
TRD01,target_up_1h,limix,e8602d7e-399c-4d98-b0f5-6d460817a2d7,2608935,Will Russia capture Kostyantynivka by July 31?,,long_yes,2026-07-13T08:00:00+00:00,2026-07-13T09:00:00+00:00,0.43,0.38,100.0,232.55813953488374,-11.627906976744184,True,
TRD01,target_up_1h,limix,8e903fb9-32e6-4194-bb27-a6e4ffdd8535,2646850,"US x Iran diplomatic meeting by July 31, 2026?",IRAN,long_yes,2026-07-13T08:00:00+00:00,2026-07-13T09:00:00+00:00,0.34,0.35,100.0,294.11764705882354,2.9411764705882217,True,
TRD01,target_up_1h,limix,ee6471d8-983f-461e-a626-173448d9f704,2674078,Will Apple be the second-largest company in the world by market cap on July 31?,,long_yes,2026-07-13T08:00:00+00:00,,0.72,,100.0,,,False,no_future_snapshot
TRD01,target_up_1h,limix,beb4fb7f-e41c-469f-8c08-5a8288afd0f6,2677864,Will WTI Crude Oil (WTI) hit (HIGH) $80 in July?,,long_yes,2026-07-13T08:00:00+00:00,2026-07-13T09:00:00+00:00,0.49,0.385,100.0,204.08163265306123,-21.428571428571427,True,
TRD01,target_up_1h,limix,ea2dc169-5c56-4478-b1a4-c0cadf9f688d,2698776,"Will there be no next Google Gemini Pro model release by July 31, 2026?",GEMINI,long_yes,2026-07-13T08:00:00+00:00,2026-07-13T09:00:00+00:00,0.32,0.28,100.0,312.5,-12.499999999999993,True,
TRD01,target_up_1h,limix,e417ee78-0995-48bb-92f1-0380a437a45c,2730118,Will WTI Crude Oil (WTI) hit (HIGH) $85 in July?,,long_yes,2026-07-13T08:00:00+00:00,2026-07-13T09:00:00+00:00,0.22,0.165,100.0,454.54545454545456,-24.999999999999996,True,
TRD01,target_up_1h,limix,5c3b6d48-d29e-4b3c-a5bf-910eec38942d,2758337,"Will Bitcoin reach $72,500 in July?",BTC,long_no,2026-07-13T08:00:00+00:00,2026-07-13T09:00:00+00:00,0.9299999999999999,0.925,100.0,107.52688172043011,-0.5376344086021391,True,
TRD01,target_up_1h,limix,11e26f1e-f9f9-4e26-a30a-5a2dba39ad92,2761559,"Will the United States send warships through the Strait of Hormuz by July 31, 2026?",,long_yes,2026-07-13T08:00:00+00:00,,0.29,,100.0,,,False,no_future_snapshot
TRD01,target_up_1h,limix,eb6f9f85-f4cf-4268-8a38-38ac7be1b842,2791012,"Will Elon Musk post 180-199 tweets from July 7 to July 14, 2026?",,long_yes,2026-07-13T08:00:00+00:00,2026-07-13T09:00:00+00:00,0.312,0.3125,100.0,320.5128205128205,0.16025641025641038,True,
TRD01,target_up_1h,limix,0b1a7f4f-68d0-43da-9163-bcca9051841f,2791018,"Will Elon Musk post 220-239 tweets from July 7 to July 14, 2026?",,long_no,2026-07-13T08:00:00+00:00,2026-07-13T09:00:00+00:00,0.859,0.8495,100.0,116.41443538998836,-1.105937136204884,True,
TRD01,target_up_1h,limix,e1e4f607-1420-4b22-a1db-3fdf0e5bb074,2791021,"Will Elon Musk post 240-259 tweets from July 7 to July 14, 2026?",,long_no,2026-07-13T08:00:00+00:00,2026-07-13T09:00:00+00:00,0.982,0.9825,100.0,101.83299389002036,0.05091649694501588,True,
TRD01,target_up_1h,limix,e5c1dc21-78f1-4608-965f-3e045825a445,2818012,"Will the price of Ethereum be above $1,800 on July 13?",ETH,long_no,2026-07-13T08:00:00+00:00,2026-07-13T09:00:00+00:00,0.69,0.645,100.0,144.92753623188406,-6.5217391304347725,True,
TRD01,target_up_1h,limix,7645d999-5ec3-4a94-b37c-818201c65442,2818085,"Will the price of Bitcoin be above $62,000 on July 13?",BTC,long_yes,2026-07-13T08:00:00+00:00,2026-07-13T09:00:00+00:00,0.889,0.9375,100.0,112.4859392575928,5.455568053993249,True,
TRD01,target_up_1h,limix,8332c715-13cc-4672-a49a-133ae2039050,2818089,"Will the price of Bitcoin be above $64,000 on July 13?",BTC,long_no,2026-07-13T08:00:00+00:00,2026-07-13T09:00:00+00:00,0.92,0.885,100.0,108.69565217391303,-3.8043478260869596,True,
TRD01,target_up_1h,limix,f0f77c35-3648-4f01-8f98-3db7b34d15be,2833078,"Will the price of Ethereum be above $1,700 on July 14?",ETH,long_yes,2026-07-13T08:00:00+00:00,,0.936,,100.0,,,False,no_future_snapshot
TRD01,target_up_1h,limix,2568bf64-bc8f-4770-96e7-f7e8e2c078e6,2851418,Iran military action against a Gulf State on July 13?,IRAN,long_yes,2026-07-13T08:00:00+00:00,2026-07-13T09:00:00+00:00,0.75,0.74,100.0,133.33333333333334,-1.3333333333333346,True,
TRD01,target_up_1h,limix,d24ed5d8-ed79-4824-90e7-bf55de4216e6,2851419,Iran military action against a Gulf State on July 14?,IRAN,long_no,2026-07-13T08:00:00+00:00,2026-07-13T09:00:00+00:00,0.5900000000000001,0.63,100.0,169.4915254237288,6.779661016949139,True,
TRD01,target_up_1h,limix,2eec7533-042d-4026-b501-f95b4bc178c8,2860426,"Will Elon Musk post <40 tweets from July 11 to July 13, 2026?",,long_yes,2026-07-13T08:00:00+00:00,2026-07-13T09:00:00+00:00,0.92,0.925,100.0,108.69565217391303,0.5434782608695656,True,
TRD01,target_up_1h,limix,cb16b214-e8d0-41ce-a6c7-c87677bab82b,2860429,"Will Elon Musk post 40-64 tweets from July 11 to July 13, 2026?",,long_no,2026-07-13T08:00:00+00:00,2026-07-13T09:00:00+00:00,0.9299999999999999,0.925,100.0,107.52688172043011,-0.5376344086021391,True,
TRD01,target_up_1h,limix,df01f271-a5b3-47f3-a5d8-970211b3ec8f,2861255,"Will Bitcoin dip to $62,500 in July?",BTC,long_yes,2026-07-13T08:00:00+00:00,2026-07-13T09:00:00+00:00,0.92,0.88,100.0,108.69565217391303,-4.347826086956525,True,
TRD01,target_up_1h,limix,8d49e6f1-2675-4056-ab8d-53a081091aa3,2869916,SPY (SPY) Up or Down on July 13?,,long_yes,2026-07-13T08:00:00+00:00,2026-07-13T09:00:00+00:00,0.27,0.29500000000000004,100.0,370.3703703703703,9.259259259259267,True,
TRD01,target_up_1h,limix,babbf87a-77d8-4dba-8940-291840cd6cd4,2870902,Counter-Strike: GenOne vs RUSTEC (BO3) - European Pro League Series 8 Group D,,long_yes,2026-07-13T08:00:00+00:00,2026-07-13T09:00:00+00:00,0.79,0.835,100.0,126.58227848101265,5.69620253164556,True,
TRD01,target_up_1h,limix,229ce76b-6aae-4121-bf49-3d4b676530c6,2898088,Counter-Strike: Brute vs Honvéd - Map 1 Winner,,long_yes,2026-07-13T08:00:00+00:00,2026-07-13T09:00:00+00:00,0.51,0.505,100.0,196.078431372549,-0.980392156862746,True,
TRD01,target_up_1h,limix,78d6daeb-a0c2-4c9f-b33d-02515b69f161,2898135,Counter-Strike: FaZe Up Next vs Alpha Dominion Nation (BO3) - United21 Playoffs,,long_yes,2026-07-13T08:00:00+00:00,2026-07-13T09:00:00+00:00,0.65,0.5800000000000001,100.0,153.84615384615384,-10.769230769230761,True,
TRD01,target_up_1h,limix,160c404f-3d9a-4dab-9e17-9ff22d1fb792,2898362,Counter-Strike: Honvéd vs Julie&cie (BO3) - NODWIN Clutch Series Play-In Group A,,long_yes,2026-07-13T08:00:00+00:00,2026-07-13T09:00:00+00:00,0.79,0.775,100.0,126.58227848101265,-1.8987341772151916,True,
TRD01,target_up_1h,limix,52fc8e19-0ae8-422c-86d0-542f1711b81b,1339767,"Will Bitcoin dip to $50,000 by December 31, 2026?",BTC,long_yes,2026-07-14T02:30:00+00:00,,0.44,,100.0,,,False,no_future_snapshot
TRD01,target_up_1h,limix,4ac339a1-f93b-4221-8613-e5b13dcfdf92,1697034,Will the Fed Pause–Pause–Pause in the next three decisions (Apr–Jun–Jul)?,FED,long_no,2026-07-14T02:30:00+00:00,,0.32999999999999996,,100.0,,,False,no_future_snapshot
TRD01,target_up_1h,limix,351bffc3-b226-4716-bfc7-d9487ddca4f3,1697038,Will the Fed decide differently in the next three decisions (Apr–Jun–Jul)?,FED,long_yes,2026-07-14T02:30:00+00:00,,0.337,,100.0,,,False,no_future_snapshot
TRD01,target_up_1h,limix,cde87763-db03-4a57-b13b-b0427aa060b2,1808546,Fed Rate Hike by July 2026 Meeting?,FED,long_yes,2026-07-14T02:30:00+00:00,,0.361,,100.0,,,False,no_future_snapshot
TRD01,target_up_1h,limix,f00d2885-8c9d-4710-aa82-1b17e831c437,1808547,Fed Rate Hike by September 2026 Meeting?,FED,long_yes,2026-07-14T02:30:00+00:00,,0.57,,100.0,,,False,no_future_snapshot
TRD01,target_up_1h,limix,d1fcadfc-d567-4ce7-ac63-f3520f2ea7e3,1931104,Will LeBron James play for the Cleveland Cavaliers in 2026-27?,,long_no,2026-07-14T02:30:00+00:00,,0.53,,100.0,,,False,no_future_snapshot
TRD01,target_up_1h,limix,655e06b2-fa4d-4ee8-be30-fbfcfe87ecde,1931114,Will LeBron James play for the Miami Heat in 2026-27?,,long_yes,2026-07-14T02:30:00+00:00,,0.155,,100.0,,,False,no_future_snapshot
TRD01,target_up_1h,limix,c644fd6f-8737-4382-978c-141247fd3c3a,1931121,Will LeBron James play for the Philadelphia 76ers in 2026-27?,,long_yes,2026-07-14T02:30:00+00:00,,0.074,,100.0,,,False,no_future_snapshot
TRD01,target_up_1h,limix,90ede4da-fe9a-4b58-a70c-d7342b22d3d0,2009764,Will China GDP growth in Q2 2026 be between 4.3% and 4.6%?,CHINA,long_no,2026-07-14T02:30:00+00:00,,0.604,,100.0,,,False,no_future_snapshot
TRD01,target_up_1h,limix,ff47edee-d62b-49d8-a65a-5957749e4c03,2252245,Will the Fed increase interest rates by 25 bps after the September 2026 meeting?,FED,long_yes,2026-07-14T02:30:00+00:00,,0.53,,100.0,,,False,no_future_snapshot
TRD01,target_up_1h,limix,337c96c1-4418-4adf-8cb1-fd326810e114,2587796,Will the ECB announce no change at the September 2026 meeting?,,long_yes,2026-07-14T02:30:00+00:00,,0.33,,100.0,,,False,no_future_snapshot
TRD01,target_up_1h,limix,94e63b2e-09ea-4e8f-ac30-47855ae040dc,2643403,Will the US announce withdrawal from MOU negotiations by July 31?,,long_no,2026-07-14T02:30:00+00:00,,0.78,,100.0,,,False,no_future_snapshot
TRD01,target_up_1h,limix,baf386c0-57e8-493b-9c81-d4a041252b5b,2646850,"US x Iran diplomatic meeting by July 31, 2026?",IRAN,long_no,2026-07-14T02:30:00+00:00,,0.76,,100.0,,,False,no_future_snapshot
TRD01,target_up_1h,limix,a6d8c5e5-538a-49c0-944d-2406281ce227,2663611,US-Iran 60 day negotiation period extended?,IRAN,long_no,2026-07-14T02:30:00+00:00,,0.61,,100.0,,,False,no_future_snapshot
TRD01,target_up_1h,limix,5d2e47ca-8432-4ca3-a515-c6351fd99c4f,2686770,Iran full airspace closure by July 31?,IRAN,long_no,2026-07-14T02:30:00+00:00,,0.71,,100.0,,,False,no_future_snapshot
TRD01,target_up_1h,limix,7f770a9f-440a-4765-bca7-461df9d3f403,2696747,"US-Iran Final Nuclear Deal by December 31, 2026?",IRAN,long_no,2026-07-14T02:30:00+00:00,,0.7,,100.0,,,False,no_future_snapshot
TRD01,target_up_1h,limix,abd72c22-779e-4cc6-9046-1e46bffd99dd,2696759,0 ships transit Hormuz on any date by July 14?,,long_yes,2026-07-14T02:30:00+00:00,,0.048,,100.0,,,False,no_future_snapshot
TRD01,target_up_1h,limix,fc4dd47e-6aa5-409c-9e05-08dd762e6fbf,2698549,"Will 60 ships transit the Strait of Hormuz on any day by July 31, 2026?",,long_yes,2026-07-14T02:30:00+00:00,,0.08,,100.0,,,False,no_future_snapshot
TRD01,target_up_1h,limix,55060436-a5a7-4ca4-a5de-2ad008ae2872,2698835,Will there be between 0 and 20 average daily transits of the Strait of Hormuz on July 31?,,long_no,2026-07-14T02:30:00+00:00,,0.31599999999999995,,100.0,,,False,no_future_snapshot
TRD01,target_up_1h,limix,f9ca139b-3e28-4b39-9f90-30a6d290be13,2730117,Will WTI Crude Oil (WTI) hit (HIGH) $95 in July?,,long_no,2026-07-14T02:30:00+00:00,,0.859,,100.0,,,False,no_future_snapshot
TRD01,target_up_1h,limix,be78e4fc-7d36-4ca4-b76f-7c577d8c5bb8,2730118,Will WTI Crude Oil (WTI) hit (HIGH) $85 in July?,,long_yes,2026-07-14T02:30:00+00:00,,0.53,,100.0,,,False,no_future_snapshot
TRD01,target_up_1h,limix,701894e0-8862-412a-aa9a-4844686a4184,2730119,Will WTI Crude Oil (WTI) hit (LOW) $65 in July?,,long_no,2026-07-14T02:30:00+00:00,,0.9,,100.0,,,False,no_future_snapshot
TRD01,target_up_1h,limix,2a697fc8-03ba-4940-80df-9fc1cdb876be,2732525,"Will Russia and Ukraine hold any diplomatic meeting by July 31, 2026?",UKRAINE,long_no,2026-07-14T02:30:00+00:00,,0.54,,100.0,,,False,no_future_snapshot
TRD01,target_up_1h,limix,b3bef85f-84e0-41a5-9409-49014a761f99,2758338,"Will Bitcoin reach $70,000 in July?",BTC,long_no,2026-07-14T02:30:00+00:00,,0.88,,100.0,,,False,no_future_snapshot
TRD01,target_up_1h,limix,03ae8d92-424b-466f-aa0a-d5aad166e61e,2758339,"Will Bitcoin reach $67,500 in July?",BTC,long_no,2026-07-14T02:30:00+00:00,,0.7,,100.0,,,False,no_future_snapshot
TRD01,target_up_1h,limix,bc7cde6a-c7d9-4ce7-9b28-5f0c1a545351,2758340,"Will Bitcoin reach $65,000 in July?",BTC,long_no,2026-07-14T02:30:00+00:00,,0.42000000000000004,,100.0,,,False,no_future_snapshot
TRD01,target_up_1h,limix,ea378cfa-fa1c-4119-8eae-4abb8892ad63,2758343,"Will Bitcoin dip to $57,500 in July?",BTC,long_yes,2026-07-14T02:30:00+00:00,,0.32,,100.0,,,False,no_future_snapshot
TRD01,target_up_1h,limix,31dc75ef-a88d-427b-baa1-025ca91ec4cb,2758344,"Will Bitcoin dip to $55,000 in July?",BTC,long_yes,2026-07-14T02:30:00+00:00,,0.18,,100.0,,,False,no_future_snapshot
TRD01,target_up_1h,limix,ff82656c-1a14-4528-8250-13379f9fc6aa,2758358,"Will Ethereum reach $2,000 in July?",ETH,long_no,2026-07-14T02:30:00+00:00,,0.77,,100.0,,,False,no_future_snapshot
TRD01,target_up_1h,limix,dae24705-2e77-44ae-88f6-a93072ba132e,2791016,"Will Elon Musk post 200-219 tweets from July 7 to July 14, 2026?",,long_no,2026-07-14T02:30:00+00:00,,0.62,,100.0,,,False,no_future_snapshot
TRD01,target_up_1h,limix,ea02ce63-d2b5-45bb-8a8b-bc5b89a82fa2,2791018,"Will Elon Musk post 220-239 tweets from July 7 to July 14, 2026?",,long_no,2026-07-14T02:30:00+00:00,,0.984,,100.0,,,False,no_future_snapshot
TRD01,target_up_1h,limix,4ed2841c-572a-4bec-bfa4-29eb13a3fdd2,2813269,Will Microstrategy announce selling any Bitcoin July 7-13?,BTC,long_no,2026-07-14T02:00:00+00:00,,,,100.0,,,False,missing_entry_price
TRD01,target_up_1h,limix,f4a2c735-64e9-471a-8538-022df0f8ade1,2817896,"Will Bitcoin dip to $60,000 in July?",BTC,long_yes,2026-07-14T02:30:00+00:00,,0.63,,100.0,,,False,no_future_snapshot
TRD01,target_up_1h,limix,cfcfb51e-8b77-468a-aba4-c1b034b0cbdc,2820498,"Will 50 ships transit the Strait of Hormuz on any day by July 31, 2026?",,long_no,2026-07-14T02:30:00+00:00,,0.88,,100.0,,,False,no_future_snapshot
TRD01,target_up_1h,limix,d4c37e6b-3869-4812-bdd7-068196a4bafb,2833078,"Will the price of Ethereum be above $1,700 on July 14?",ETH,long_no,2026-07-14T02:30:00+00:00,,0.029000000000000026,,100.0,,,False,no_future_snapshot
TRD01,target_up_1h,limix,b343ba3f-a858-4bf2-bc75-07b8b3cb868c,2833129,"Will the price of Bitcoin be above $62,000 on July 14?",BTC,long_no,2026-07-14T02:30:00+00:00,,0.32999999999999996,,100.0,,,False,no_future_snapshot
TRD01,target_up_1h,limix,e089eaf2-9a89-4f56-b85d-d1ca211f1dfa,2833134,"Will the price of Bitcoin be above $64,000 on July 14?",BTC,long_no,2026-07-14T02:30:00+00:00,,0.954,,100.0,,,False,no_future_snapshot
TRD01,target_up_1h,limix,35d0505e-bc3c-40e1-8f95-e7738a49db9a,2845812,Over $30M committed to the Credible public sale?,,long_yes,2026-07-14T02:30:00+00:00,,0.7,,100.0,,,False,no_future_snapshot
TRD01,target_up_1h,limix,b54b078c-81cf-4eac-846a-9cd91f23c4bb,2846320,"Will the price of Bitcoin be above $60,000 on July 15?",BTC,long_no,2026-07-14T02:30:00+00:00,,0.06000000000000005,,100.0,,,False,no_future_snapshot
TRD01,target_up_1h,limix,940aaebe-bab3-46c7-ab7a-90df91fccfa4,2850431,"Will the Houthis successfully target shipping by July 17, 2026?",,long_no,2026-07-14T02:30:00+00:00,,0.8200000000000001,,100.0,,,False,no_future_snapshot
TRD01,target_up_1h,limix,3f2c5aff-eb03-4969-a0f2-b69b0567b519,2850432,"Will the Houthis successfully target shipping by July 31, 2026?",,long_no,2026-07-14T02:30:00+00:00,,0.62,,100.0,,,False,no_future_snapshot
TRD01,target_up_1h,limix,c0b13ce3-e3c4-4672-8038-0747806ac606,2850433,"Will the Houthis successfully target shipping by August 31, 2026?",,long_no,2026-07-14T02:30:00+00:00,,0.5,,100.0,,,False,no_future_snapshot
TRD01,target_up_1h,limix,2a38af63-929f-4a4a-827e-97b3cc4b37a8,2851419,Iran military action against a Gulf State on July 14?,IRAN,long_no,2026-07-14T02:30:00+00:00,,0.38,,100.0,,,False,no_future_snapshot
TRD01,target_up_1h,limix,a01d687c-0770-42c9-b45b-0548a2e4be8f,2851425,Iran military action against a Gulf State on July 20?,IRAN,long_yes,2026-07-14T02:00:00+00:00,,0.25,,100.0,,,False,no_future_snapshot
TRD01,target_up_1h,limix,73115079-37a0-4713-aca0-133375dae11b,2851427,Iran military action against a Gulf State on July 22?,IRAN,long_no,2026-07-14T02:30:00+00:00,,0.8,,100.0,,,False,no_future_snapshot
TRD01,target_up_1h,limix,82357323-9624-47e6-845b-dbb50f63053f,2851431,Iran military action against a Gulf State on July 26?,IRAN,long_yes,2026-07-14T02:30:00+00:00,,0.34,,100.0,,,False,no_future_snapshot
TRD01,target_up_1h,limix,78b18492-6599-4726-b1e1-a51087706501,2851432,Iran military action against a Gulf State on July 27?,IRAN,long_yes,2026-07-14T02:30:00+00:00,,0.22,,100.0,,,False,no_future_snapshot
TRD01,target_up_1h,limix,9960b7a3-4d2e-462c-ae03-cfbf55d2ad23,2851434,Iran military action against a Gulf State on July 29?,IRAN,long_yes,2026-07-14T02:30:00+00:00,,0.27,,100.0,,,False,no_future_snapshot
TRD01,target_up_1h,limix,882d3a29-f1df-4db6-914b-c33c814faaf8,2851435,Iran military action against a Gulf State on July 30?,IRAN,long_yes,2026-07-14T02:30:00+00:00,,0.18,,100.0,,,False,no_future_snapshot
TRD01,target_up_1h,limix,a57842a8-2090-401e-85ff-cef286580829,2851436,Iran military action against a Gulf State on July 31?,IRAN,long_yes,2026-07-14T02:30:00+00:00,,0.22,,100.0,,,False,no_future_snapshot
TRD01,target_up_1h,limix,2fda74de-8864-412c-a25c-08c49191c8f0,2853039,Will the US announce withdrawal from MOU negotiations by July 17?,,long_no,2026-07-14T02:30:00+00:00,,0.895,,100.0,,,False,no_future_snapshot
TRD01,target_up_1h,limix,90aaa7c9-c195-49ab-bead-c324394576b6,2853082,"Will 40 ships transit the Strait of Hormuz on any day by July 31, 2026?",,long_no,2026-07-14T02:30:00+00:00,,0.78,,100.0,,,False,no_future_snapshot
TRD01,target_up_1h,limix,fd6faa62-7306-40f9-85d5-e7d532fcb9dd,2863245,"Will the next Claude Opus model be released by July 31, 2026?",CLAUDE,long_yes,2026-07-14T02:30:00+00:00,,0.86,,100.0,,,False,no_future_snapshot
TRD01,target_up_1h,limix,e2e3b714-4a2b-4c57-af51-f0f79a806e5a,2871249,"Will the price of Ethereum be above $1,600 on July 17?",ETH,long_no,2026-07-14T02:30:00+00:00,,0.05300000000000005,,100.0,,,False,no_future_snapshot
TRD01,target_up_1h,limix,493c0057-80fd-48df-b4b0-3d403a41cd38,2891204,Granby: Aleksandar Vukic vs Liam Broady,,long_no,2026-07-14T02:30:00+00:00,,0.268,,100.0,,,False,no_future_snapshot
TRD01,target_up_1h,limix,9d849cb0-37f7-4e38-88a1-06eb11923aa1,2891323,Lincoln: J.J. Wolf vs Andrew Fenty,,long_yes,2026-07-14T02:30:00+00:00,,0.477,,100.0,,,False,no_future_snapshot
TRD01,target_up_1h,limix,ea485d78-2b2f-494a-b069-dbd18aff29de,2898155,Counter-Strike: SPARTA vs ENCE (BO3) - European Pro League Series 8 Group C,,long_yes,2026-07-14T02:30:00+00:00,,0.67,,100.0,,,False,no_future_snapshot
TRD01,target_up_1h,limix,5349b1e6-7057-4a8b-89ea-7155cce59c28,2898294,Counter-Strike: eSuba vs Misa Esports (BO3) - United21 Playoffs,,long_no,2026-07-14T02:30:00+00:00,,0.6699999999999999,,100.0,,,False,no_future_snapshot
TRD01,target_up_1h,limix,e63d739e-6075-4100-a13f-b738fa431317,2900978,Bitcoin Up or Down on July 14?,BTC,long_no,2026-07-14T02:30:00+00:00,,0.5700000000000001,,100.0,,,False,no_future_snapshot
TRD01,target_up_1h,limix,00291e9f-ba79-4ff2-b5c9-64ca4badb7cc,2901783,"Will Bitcoin dip to $58,000 July 13-19?",BTC,long_yes,2026-07-14T02:30:00+00:00,,0.1,,100.0,,,False,no_future_snapshot
TRD01,target_up_1h,limix,4f327500-b773-43cb-853b-0e1a4dcd1a4a,2901821,"Will Ethereum reach $2,000 July 13-19?",ETH,long_no,2026-07-14T02:30:00+00:00,,0.945,,100.0,,,False,no_future_snapshot
TRD01,target_up_1h,limix,7c95619e-79a0-45ac-8401-17bcea05d9e3,2901833,"Will Ethereum dip to $1,750 on July 13?",ETH,long_no,2026-07-14T02:30:00+00:00,,0.99,,100.0,,,False,no_future_snapshot
TRD01,target_up_1h,limix,33fd202a-899a-4531-8ccd-0ae87503352b,676739,Will NVIDIA be the largest company in the world by market cap on December 31?,,long_no,2026-07-14T02:30:00+00:00,,0.33999999999999997,,100.0,,,False,no_future_snapshot
TRD01,target_up_1h,limix,ececbc2a-cc3e-4403-b8fc-649338271a48,701501,"Will Bitcoin dip to $55,000 by December 31, 2026?",BTC,long_yes,2026-07-14T02:30:00+00:00,,0.61,,100.0,,,False,no_future_snapshot
TRD02,target_delta_6h,mean_reversion,60c587c2-6b10-42af-9b0f-6108abe11905,1831671,"Will any AI model reach 1550 Math Arena Score by December 31, 2026?",,long_no,2026-07-14T02:30:00+00:00,,0.21999999999999997,,100.0,,,False,no_future_snapshot
TRD02,target_delta_6h,mean_reversion,2abf30f1-7a1d-4c02-94f0-199907e881d6,2491373,Will annual inflation be 3.8% in June?,,long_no,2026-07-14T02:30:00+00:00,,0.51,,100.0,,,False,no_future_snapshot
TRD02,target_delta_6h,mean_reversion,d636d5d1-79ea-429b-8f02-32371fba4a4f,2757806,Iran charges Hormuz fees by October 31?,IRAN,long_no,2026-07-14T02:30:00+00:00,,0.38,,100.0,,,False,no_future_snapshot
TRD02,target_delta_6h,mean_reversion,8062d625-a474-452c-aef3-d8ab0cfd2444,2758339,"Will Bitcoin reach $67,500 in July?",BTC,long_yes,2026-07-14T02:30:00+00:00,,0.31,,100.0,,,False,no_future_snapshot
TRD02,target_delta_6h,mean_reversion,1d29748a-7e9d-428f-9925-5ff436533ccf,2758340,"Will Bitcoin reach $65,000 in July?",BTC,long_yes,2026-07-14T02:30:00+00:00,,0.59,,100.0,,,False,no_future_snapshot
TRD02,target_delta_6h,mean_reversion,03b2e252-eb5f-4542-8635-609320a120d4,2791012,"Will Elon Musk post 180-199 tweets from July 7 to July 14, 2026?",,long_no,2026-07-14T02:30:00+00:00,,0.42100000000000004,,100.0,,,False,no_future_snapshot
TRD02,target_delta_6h,mean_reversion,cc7f5271-e0f9-4c02-b256-c0fbc152a0ee,2791016,"Will Elon Musk post 200-219 tweets from July 7 to July 14, 2026?",,long_yes,2026-07-14T02:30:00+00:00,,0.39,,100.0,,,False,no_future_snapshot
TRD02,target_delta_6h,mean_reversion,4c20ab39-edfe-48a0-8908-498c537f77b8,2833129,"Will the price of Bitcoin be above $62,000 on July 14?",BTC,long_yes,2026-07-14T02:30:00+00:00,,0.68,,100.0,,,False,no_future_snapshot
TRD02,target_delta_6h,mean_reversion,c9fe125b-857d-45e9-af44-de652945392c,2850433,"Will the Houthis successfully target shipping by August 31, 2026?",,long_no,2026-07-14T02:30:00+00:00,,0.5,,100.0,,,False,no_future_snapshot
TRD02,target_delta_6h,mean_reversion,3b875f26-55a5-4ff3-b118-dd0252c7ebfd,2851425,Iran military action against a Gulf State on July 20?,IRAN,long_yes,2026-07-14T02:00:00+00:00,,0.25,,100.0,,,False,no_future_snapshot
TRD02,target_delta_6h,mean_reversion,21377526-8518-4040-bd67-4dcc091c0382,2851427,Iran military action against a Gulf State on July 22?,IRAN,long_no,2026-07-14T02:30:00+00:00,,0.8,,100.0,,,False,no_future_snapshot
TRD02,target_delta_6h,mean_reversion,814d10c6-a8f4-4db4-8a91-d83d4931669b,2851435,Iran military action against a Gulf State on July 30?,IRAN,long_yes,2026-07-14T02:30:00+00:00,,0.18,,100.0,,,False,no_future_snapshot
TRD02,target_delta_6h,mean_reversion,613c9933-2fe8-444a-be7d-22ef471511b8,2851436,Iran military action against a Gulf State on July 31?,IRAN,long_yes,2026-07-14T02:30:00+00:00,,0.22,,100.0,,,False,no_future_snapshot
TRD02,target_delta_6h,mean_reversion,bb8857cd-1133-4d62-a534-08a661f15cd7,2891204,Granby: Aleksandar Vukic vs Liam Broady,,long_no,2026-07-14T02:30:00+00:00,,0.268,,100.0,,,False,no_future_snapshot
TRD02,target_delta_6h,mean_reversion,9915c736-a03b-45b8-b2db-97b2441cb181,2891217,Granby: Nicolas Arseneault vs Andres Martin,,long_no,2026-07-14T02:30:00+00:00,,0.0010000000000000009,,100.0,,,False,no_future_snapshot
TRD02,target_delta_6h,mean_reversion,b5ec3bcf-3ea0-4e37-88d5-e5c55b7717cf,2891261,Granby: Yuta Shimizu vs Jay Dylan Friend,,long_no,2026-07-14T02:30:00+00:00,,0.0010000000000000009,,100.0,,,False,no_future_snapshot
TRD02,target_delta_6h,mean_reversion,faa0fae0-5b37-4135-b755-a20c6104b343,2891268,Granby: Justin Boulais vs Zhizhen Zhang,,long_no,2026-07-14T02:00:00+00:00,,0.0010000000000000009,,100.0,,,False,no_future_snapshot
TRD02,target_delta_6h,mean_reversion,35e5052c-e392-4169-8d05-9971464acd12,2891323,Lincoln: J.J. Wolf vs Andrew Fenty,,long_yes,2026-07-14T02:30:00+00:00,,0.477,,100.0,,,False,no_future_snapshot
TRD02,target_delta_6h,mean_reversion,a5bd9b5d-8cb2-44ac-ab35-6b12b2419b4c,2900978,Bitcoin Up or Down on July 14?,BTC,long_yes,2026-07-14T02:30:00+00:00,,0.44,,100.0,,,False,no_future_snapshot
TRD02,target_delta_6h,mean_reversion,960f685a-72a5-4a42-a873-4936420cda4a,2901851,ODI Series West Indies vs. New Zealand: West Indies vs New Zealand,,long_no,2026-07-14T02:30:00+00:00,,,,100.0,,,False,missing_entry_price
TRD02,target_delta_6h,momentum,671c703f-50bc-49f9-8f00-b4005ebfa8a7,1831671,"Will any AI model reach 1550 Math Arena Score by December 31, 2026?",,long_yes,2026-07-14T02:30:00+00:00,,0.86,,100.0,,,False,no_future_snapshot
TRD02,target_delta_6h,momentum,1c31ce69-108f-441c-b6b0-b22098ac42d2,2491373,Will annual inflation be 3.8% in June?,,long_yes,2026-07-14T02:30:00+00:00,,0.497,,100.0,,,False,no_future_snapshot
TRD02,target_delta_6h,momentum,cc4ce1a1-f0e9-4568-a323-a408fa578de9,2757806,Iran charges Hormuz fees by October 31?,IRAN,long_yes,2026-07-14T02:30:00+00:00,,0.63,,100.0,,,False,no_future_snapshot
TRD02,target_delta_6h,momentum,644e2077-3cf6-4541-9b74-757f396d2be6,2758339,"Will Bitcoin reach $67,500 in July?",BTC,long_no,2026-07-14T02:30:00+00:00,,0.7,,100.0,,,False,no_future_snapshot
TRD02,target_delta_6h,momentum,7a519406-c719-465a-a1d4-bd271a2eb96f,2758340,"Will Bitcoin reach $65,000 in July?",BTC,long_no,2026-07-14T02:30:00+00:00,,0.42000000000000004,,100.0,,,False,no_future_snapshot
TRD02,target_delta_6h,momentum,1de1554a-fc40-453a-9444-04ce8c7d45f9,2791012,"Will Elon Musk post 180-199 tweets from July 7 to July 14, 2026?",,long_yes,2026-07-14T02:30:00+00:00,,0.58,,100.0,,,False,no_future_snapshot
TRD02,target_delta_6h,momentum,b995d559-f9d2-44cb-b7be-cfb98157fc79,2791016,"Will Elon Musk post 200-219 tweets from July 7 to July 14, 2026?",,long_no,2026-07-14T02:30:00+00:00,,0.62,,100.0,,,False,no_future_snapshot
TRD02,target_delta_6h,momentum,ba20b427-d81f-475d-89b6-57cf34017f86,2833129,"Will the price of Bitcoin be above $62,000 on July 14?",BTC,long_no,2026-07-14T02:30:00+00:00,,0.32999999999999996,,100.0,,,False,no_future_snapshot
TRD02,target_delta_6h,momentum,8297f420-3fdb-42c9-bc52-9046a80ecffc,2850433,"Will the Houthis successfully target shipping by August 31, 2026?",,long_yes,2026-07-14T02:30:00+00:00,,0.58,,100.0,,,False,no_future_snapshot
TRD02,target_delta_6h,momentum,6089b67f-9412-4b5b-b6e7-fccb9ba51ea7,2851425,Iran military action against a Gulf State on July 20?,IRAN,long_no,2026-07-14T02:00:00+00:00,,0.8200000000000001,,100.0,,,False,no_future_snapshot
TRD02,target_delta_6h,momentum,38b48765-d40b-4533-bc59-3001458c7221,2851427,Iran military action against a Gulf State on July 22?,IRAN,long_yes,2026-07-14T02:30:00+00:00,,0.43,,100.0,,,False,no_future_snapshot
TRD02,target_delta_6h,momentum,5928e8de-80a8-4e18-9043-e01740841990,2851435,Iran military action against a Gulf State on July 30?,IRAN,long_no,2026-07-14T02:30:00+00:00,,0.87,,100.0,,,False,no_future_snapshot
TRD02,target_delta_6h,momentum,f0f1dc33-f246-4b7e-aa2b-f7e19daa86a5,2851436,Iran military action against a Gulf State on July 31?,IRAN,long_no,2026-07-14T02:30:00+00:00,,0.8200000000000001,,100.0,,,False,no_future_snapshot
TRD02,target_delta_6h,momentum,a6752fe4-6ecc-4d0c-b82f-ccd0ac5c9191,2891204,Granby: Aleksandar Vukic vs Liam Broady,,long_yes,2026-07-14T02:30:00+00:00,,0.737,,100.0,,,False,no_future_snapshot
TRD02,target_delta_6h,momentum,4d88a5e3-36ce-4ebb-b957-51a025f5b88e,2891217,Granby: Nicolas Arseneault vs Andres Martin,,long_yes,2026-07-14T02:30:00+00:00,,,,100.0,,,False,missing_entry_price
TRD02,target_delta_6h,momentum,b37fecab-af52-45c5-9bc2-c3052fd4e992,2891261,Granby: Yuta Shimizu vs Jay Dylan Friend,,long_yes,2026-07-14T02:30:00+00:00,,,,100.0,,,False,missing_entry_price
TRD02,target_delta_6h,momentum,1d119c87-be77-47c2-bfe3-d39ac2235b8b,2891268,Granby: Justin Boulais vs Zhizhen Zhang,,long_yes,2026-07-14T02:00:00+00:00,,,,100.0,,,False,missing_entry_price
TRD02,target_delta_6h,momentum,1a9720bf-d68b-4d7a-915c-12e1cda73f33,2891323,Lincoln: J.J. Wolf vs Andrew Fenty,,long_no,2026-07-14T02:30:00+00:00,,0.5489999999999999,,100.0,,,False,no_future_snapshot
TRD02,target_delta_6h,momentum,efa33d35-5919-4534-b9eb-e585576fbec6,2900978,Bitcoin Up or Down on July 14?,BTC,long_no,2026-07-14T02:30:00+00:00,,0.5700000000000001,,100.0,,,False,no_future_snapshot
TRD02,target_delta_6h,momentum,adf63a56-667f-4dd6-990c-5d80ade1b0f5,2901851,ODI Series West Indies vs. New Zealand: West Indies vs New Zealand,,long_yes,2026-07-14T02:30:00+00:00,,0.001,,100.0,,,False,no_future_snapshot
TRD02,target_delta_6h,limix,4554d4e1-c36d-4a40-aa4d-9f7b72ecf136,1107582,US strike on Cuba by December 31?,,long_no,2026-07-14T02:30:00+00:00,,0.72,,100.0,,,False,no_future_snapshot
TRD02,target_delta_6h,limix,a511d348-3f74-4cc9-85e9-65d38ed63dcc,1654958,Will there be no change in Fed interest rates after the July 2026 meeting?,FED,long_no,2026-07-14T02:30:00+00:00,,0.33999999999999997,,100.0,,,False,no_future_snapshot
TRD02,target_delta_6h,limix,f73e5878-446f-4dfd-947a-34760ae1fb1c,1654959,Will the Fed increase interest rates by 25 bps after the July 2026 meeting?,FED,long_yes,2026-07-14T02:30:00+00:00,,0.341,,100.0,,,False,no_future_snapshot
TRD02,target_delta_6h,limix,f367578c-ce80-4fb7-9f2f-f0d0796c8efd,1697034,Will the Fed Pause–Pause–Pause in the next three decisions (Apr–Jun–Jul)?,FED,long_yes,2026-07-14T02:30:00+00:00,,0.69,,100.0,,,False,no_future_snapshot
TRD02,target_delta_6h,limix,ff677a21-9727-43df-b099-d194805f59fe,1697038,Will the Fed decide differently in the next three decisions (Apr–Jun–Jul)?,FED,long_yes,2026-07-14T02:30:00+00:00,,0.337,,100.0,,,False,no_future_snapshot
TRD02,target_delta_6h,limix,be965b0f-a43a-4b83-a5e8-9a0dd7aede05,1808546,Fed Rate Hike by July 2026 Meeting?,FED,long_yes,2026-07-14T02:30:00+00:00,,0.361,,100.0,,,False,no_future_snapshot
TRD02,target_delta_6h,limix,0e184cbe-c706-47cb-90fc-32c1d6b8aa59,1808547,Fed Rate Hike by September 2026 Meeting?,FED,long_yes,2026-07-14T02:30:00+00:00,,0.57,,100.0,,,False,no_future_snapshot
TRD02,target_delta_6h,limix,38bce078-5c5d-402d-8dd7-c8afbe8b60ac,1808548,Fed Rate Hike by October 2026 Meeting?,FED,long_yes,2026-07-14T02:30:00+00:00,,0.66,,100.0,,,False,no_future_snapshot
TRD02,target_delta_6h,limix,66dfd5db-671f-458a-a70c-a67465cc506a,1931102,Will LeBron James play for the Charlotte Hornets in 2026-27?,,long_yes,2026-07-14T02:30:00+00:00,,0.001,,100.0,,,False,no_future_snapshot
TRD02,target_delta_6h,limix,6a881578-cc37-4b3b-8c42-e92aef48bf19,1931108,Will LeBron James play for the Golden State Warriors in 2026-27?,,long_yes,2026-07-14T02:30:00+00:00,,0.273,,100.0,,,False,no_future_snapshot
TRD02,target_delta_6h,limix,5d9ba238-7f83-4cf9-a1fa-8fa35e654579,2071432,World Cup: Unbeaten Champion?,,long_yes,2026-07-14T02:30:00+00:00,,,,100.0,,,False,missing_entry_price
TRD02,target_delta_6h,limix,50b448c3-0805-47ee-9827-05bf3cb010d3,2118801,Will the Fed Pause–Pause–Pause in the next three decisions (Jun–Jul–Sep)?,FED,long_yes,2026-07-14T02:30:00+00:00,,0.4,,100.0,,,False,no_future_snapshot
TRD02,target_delta_6h,limix,0e0a69a3-8239-4cc1-87ac-9052bd37c0c2,2118805,Will the Fed decide differently in the next three decisions (Jun–Jul–Sep)?,FED,long_yes,2026-07-14T02:30:00+00:00,,0.6,,100.0,,,False,no_future_snapshot
TRD02,target_delta_6h,limix,1310b83a-770f-4d4e-ab6a-1ef8ed829d69,2176270,Strait of Hormuz traffic returns to normal by December 31?,,long_no,2026-07-14T02:30:00+00:00,,0.43999999999999995,,100.0,,,False,no_future_snapshot
TRD02,target_delta_6h,limix,0780cad4-1eb5-4b70-98bb-ab0987833210,2252244,Will there be no change in Fed interest rates after the September 2026 meeting?,FED,long_yes,2026-07-14T02:30:00+00:00,,0.42,,100.0,,,False,no_future_snapshot
TRD02,target_delta_6h,limix,5f577cf1-2ecd-4bc5-a865-8211d26226b3,2252245,Will the Fed increase interest rates by 25 bps after the September 2026 meeting?,FED,long_yes,2026-07-14T02:30:00+00:00,,0.53,,100.0,,,False,no_future_snapshot
TRD02,target_delta_6h,limix,832c010a-ef87-4e91-9162-622d3b43201b,2318064,"Will Russia capture Mala Tokmachka by September 30, 2026?",,long_yes,2026-07-14T02:30:00+00:00,,0.1,,100.0,,,False,no_future_snapshot
TRD02,target_delta_6h,limix,b38d8481-da7a-44ba-a94f-247977882d09,2431051,Will Anthropic have the best Math AI model at the end of July 2026?,ANTHROPIC,long_no,2026-07-14T02:30:00+00:00,,0.21999999999999997,,100.0,,,False,no_future_snapshot
TRD02,target_delta_6h,limix,412f5558-478e-4e90-ab29-6d5d3f71ebba,2554361,Mojtaba Khamenei seen in public by July 31?,,long_yes,2026-07-14T02:30:00+00:00,,0.06,,100.0,,,False,no_future_snapshot
TRD02,target_delta_6h,limix,5f2f1597-4036-46ff-84e9-4b79666cc5b2,2587796,Will the ECB announce no change at the September 2026 meeting?,,long_yes,2026-07-14T02:30:00+00:00,,0.33,,100.0,,,False,no_future_snapshot
TRD02,target_delta_6h,limix,9d0ce675-ca7c-485c-bde0-001414817ef7,2587797,Will the ECB announce a 25 bps increase at the September 2026 meeting?,,long_yes,2026-07-14T02:30:00+00:00,,0.69,,100.0,,,False,no_future_snapshot
TRD02,target_delta_6h,limix,381b62a6-b02f-46dc-8d84-1454ea3d4827,2589833,Will the Fed Pause–Pause–Pause in the next three decisions (Jul–Sep–Oct)?,FED,long_yes,2026-07-14T02:30:00+00:00,,0.29,,100.0,,,False,no_future_snapshot
TRD02,target_delta_6h,limix,ef0980b4-5ef2-49ed-b183-7c35dc7dab00,2589837,Will the Fed decide differently in the next three decisions (Jul–Sep–Oct)?,FED,long_yes,2026-07-14T02:30:00+00:00,,0.68,,100.0,,,False,no_future_snapshot
TRD02,target_delta_6h,limix,c94d4df9-7e56-4d72-9bdf-290b21c4a8d3,2643400,Will Iran announce withdrawal from MOU negotiations by July 31?,IRAN,long_yes,2026-07-14T02:30:00+00:00,,0.29,,100.0,,,False,no_future_snapshot
TRD02,target_delta_6h,limix,c613be21-da53-44ab-b049-1a036849009d,2646850,"US x Iran diplomatic meeting by July 31, 2026?",IRAN,long_yes,2026-07-14T02:30:00+00:00,,0.25,,100.0,,,False,no_future_snapshot
TRD02,target_delta_6h,limix,96cc2a48-5978-4e48-9382-ea5f0d6aa289,2663611,US-Iran 60 day negotiation period extended?,IRAN,long_no,2026-07-14T02:30:00+00:00,,0.61,,100.0,,,False,no_future_snapshot
TRD02,target_delta_6h,limix,c35d01c4-0d80-4da5-a728-9a84ccf981a2,2668046,Will Taiwan Semiconductor (TSM) Q2 revenue (USD) be above $40B?,,long_yes,2026-07-14T02:30:00+00:00,,0.898,,100.0,,,False,no_future_snapshot
TRD02,target_delta_6h,limix,932cbd64-644a-4ec4-a94f-9268473ac19c,2673621,Will NVIDIA be the largest company in the world by market cap on July 31?,,long_no,2026-07-14T02:30:00+00:00,,0.14,,100.0,,,False,no_future_snapshot
TRD02,target_delta_6h,limix,6128a8eb-51fa-4408-8fb0-35c366a0f3a8,2673623,Will Apple be the largest company in the world by market cap on July 31?,,long_yes,2026-07-14T02:30:00+00:00,,0.113,,100.0,,,False,no_future_snapshot
TRD02,target_delta_6h,limix,20cf00fb-6995-4fbb-90f3-548ab852d8eb,2673626,Will Saudi Aramco be the largest company in the world by market cap on July 31?,,long_yes,2026-07-14T02:30:00+00:00,,0.001,,100.0,,,False,no_future_snapshot
TRD02,target_delta_6h,limix,1f5fbd0d-3f75-4217-9015-65deb35cbe57,2673627,Will Amazon be the largest company in the world by market cap on July 31?,,long_yes,2026-07-14T02:30:00+00:00,,0.001,,100.0,,,False,no_future_snapshot
TRD02,target_delta_6h,limix,de35cc4c-a249-47af-9c35-2fdebafa05fb,2673628,Will Broadcom be the largest company in the world by market cap on July 31?,,long_yes,2026-07-14T02:30:00+00:00,,0.001,,100.0,,,False,no_future_snapshot
TRD02,target_delta_6h,limix,06335e4e-6397-46fa-a752-57f8e6e6b57d,2677862,Will WTI Crude Oil (WTI) hit (HIGH) $100 in July?,,long_yes,2026-07-14T02:30:00+00:00,,0.086,,100.0,,,False,no_future_snapshot
TRD02,target_delta_6h,limix,ac11921a-ca66-4828-aee4-7bd975835c43,2677863,Will WTI Crude Oil (WTI) hit (HIGH) $90 in July?,,long_yes,2026-07-14T02:30:00+00:00,,0.268,,100.0,,,False,no_future_snapshot
TRD02,target_delta_6h,limix,7e26c329-4311-4446-a4d5-5c1f6cbe887b,2677864,Will WTI Crude Oil (WTI) hit (HIGH) $80 in July?,,long_yes,2026-07-14T02:15:00+00:00,,,,100.0,,,False,missing_entry_price
TRD02,target_delta_6h,limix,7da3a1fb-ed14-4dd8-af57-439e7f4a99b0,2686770,Iran full airspace closure by July 31?,IRAN,long_yes,2026-07-14T02:30:00+00:00,,0.3,,100.0,,,False,no_future_snapshot
TRD02,target_delta_6h,limix,82afba21-93db-4c70-81c3-fa50bf968645,2696747,"US-Iran Final Nuclear Deal by December 31, 2026?",IRAN,long_yes,2026-07-14T02:30:00+00:00,,0.31,,100.0,,,False,no_future_snapshot
TRD02,target_delta_6h,limix,5039d74f-e448-4492-996b-a3ce75c5cc8b,2696759,0 ships transit Hormuz on any date by July 14?,,long_yes,2026-07-14T02:30:00+00:00,,0.048,,100.0,,,False,no_future_snapshot
TRD02,target_delta_6h,limix,baf5e903-188d-42eb-9a84-7a7b8a313c61,2698549,"Will 60 ships transit the Strait of Hormuz on any day by July 31, 2026?",,long_yes,2026-07-14T02:30:00+00:00,,0.08,,100.0,,,False,no_future_snapshot
TRD02,target_delta_6h,limix,bed3af1c-2c44-4378-811e-811963ace539,2698837,Will there be between 40 and 60 average daily transits of the Strait of Hormuz on July 31?,,long_yes,2026-07-14T02:30:00+00:00,,0.07,,100.0,,,False,no_future_snapshot
TRD02,target_delta_6h,limix,0d7b65fd-6fec-4584-bcc8-c434ad35a437,2730117,Will WTI Crude Oil (WTI) hit (HIGH) $95 in July?,,long_yes,2026-07-14T02:30:00+00:00,,0.156,,100.0,,,False,no_future_snapshot
TRD02,target_delta_6h,limix,58320826-2e0b-4a3b-9168-4b53c2fe44b0,2730118,Will WTI Crude Oil (WTI) hit (HIGH) $85 in July?,,long_yes,2026-07-14T02:30:00+00:00,,0.53,,100.0,,,False,no_future_snapshot
TRD02,target_delta_6h,limix,96ca9be1-f19f-474f-9e21-53409a2a3cab,2730119,Will WTI Crude Oil (WTI) hit (LOW) $65 in July?,,long_yes,2026-07-14T02:30:00+00:00,,0.11,,100.0,,,False,no_future_snapshot
TRD02,target_delta_6h,limix,075824ea-cdb1-4a89-b7ec-380663f73ae0,2732525,"Will Russia and Ukraine hold any diplomatic meeting by July 31, 2026?",UKRAINE,long_no,2026-07-14T02:30:00+00:00,,0.54,,100.0,,,False,no_future_snapshot
TRD02,target_delta_6h,limix,f2df9a94-53e5-484b-85b2-8fc993e806ba,2747387,Iran coup attempt by December 31?,IRAN,long_no,2026-07-14T02:30:00+00:00,,0.85,,100.0,,,False,no_future_snapshot
TRD02,target_delta_6h,limix,be02e322-9826-47e6-abc2-6140e327b950,2758338,"Will Bitcoin reach $70,000 in July?",BTC,long_no,2026-07-14T02:30:00+00:00,,0.88,,100.0,,,False,no_future_snapshot
TRD02,target_delta_6h,limix,1d2bdfb4-1772-4009-8bac-ec719cf07f70,2758339,"Will Bitcoin reach $67,500 in July?",BTC,long_no,2026-07-14T02:30:00+00:00,,0.7,,100.0,,,False,no_future_snapshot
TRD02,target_delta_6h,limix,d289838e-650c-4222-9208-467b0856ff8e,2758340,"Will Bitcoin reach $65,000 in July?",BTC,long_no,2026-07-14T02:30:00+00:00,,0.42000000000000004,,100.0,,,False,no_future_snapshot
TRD02,target_delta_6h,limix,93dc08f8-f792-4e32-8aaf-2600ed3407ca,2758343,"Will Bitcoin dip to $57,500 in July?",BTC,long_yes,2026-07-14T02:30:00+00:00,,0.32,,100.0,,,False,no_future_snapshot
TRD02,target_delta_6h,limix,a06ca914-c4f4-4fd7-ac67-f3549edff7bd,2758344,"Will Bitcoin dip to $55,000 in July?",BTC,long_yes,2026-07-14T02:30:00+00:00,,0.18,,100.0,,,False,no_future_snapshot
TRD02,target_delta_6h,limix,775a5bba-aa07-47dc-bcea-97e6bb4d52cd,2758345,"Will Bitcoin dip to $52,500 in July?",BTC,long_yes,2026-07-14T02:30:00+00:00,,0.07,,100.0,,,False,no_future_snapshot
TRD02,target_delta_6h,limix,3befbdcd-a063-4855-acce-f44a61a79a9e,2758358,"Will Ethereum reach $2,000 in July?",ETH,long_no,2026-07-14T02:30:00+00:00,,0.77,,100.0,,,False,no_future_snapshot
TRD02,target_delta_6h,limix,04462a39-fb61-4a59-8730-27f956b9de87,2791012,"Will Elon Musk post 180-199 tweets from July 7 to July 14, 2026?",,long_yes,2026-07-14T02:30:00+00:00,,0.58,,100.0,,,False,no_future_snapshot
TRD02,target_delta_6h,limix,b7e66093-4ae1-4fe2-ba81-6680fae68644,2791016,"Will Elon Musk post 200-219 tweets from July 7 to July 14, 2026?",,long_no,2026-07-14T02:30:00+00:00,,0.62,,100.0,,,False,no_future_snapshot
TRD02,target_delta_6h,limix,c39debe1-ff3d-4d12-9866-7f18acf80b36,2791018,"Will Elon Musk post 220-239 tweets from July 7 to July 14, 2026?",,long_no,2026-07-14T02:30:00+00:00,,0.984,,100.0,,,False,no_future_snapshot
TRD02,target_delta_6h,limix,a7da7c8d-4fe7-425d-aa84-d3cc079874b7,2817896,"Will Bitcoin dip to $60,000 in July?",BTC,long_yes,2026-07-14T02:30:00+00:00,,0.63,,100.0,,,False,no_future_snapshot
TRD02,target_delta_6h,limix,b493fd43-f3a9-4b26-a563-b5be3614ad6e,2820498,"Will 50 ships transit the Strait of Hormuz on any day by July 31, 2026?",,long_no,2026-07-14T02:30:00+00:00,,0.88,,100.0,,,False,no_future_snapshot
TRD02,target_delta_6h,limix,2f3790cc-0726-4530-8b48-5b7d9b93241f,2833117,"Will the price of Bitcoin be above $54,000 on July 14?",BTC,long_yes,2026-07-14T02:30:00+00:00,,,,100.0,,,False,missing_entry_price
TRD02,target_delta_6h,limix,5938cf11-4899-4b1b-af88-1666fff6425c,2833119,"Will the price of Bitcoin be above $56,000 on July 14?",BTC,long_yes,2026-07-14T02:30:00+00:00,,,,100.0,,,False,missing_entry_price
TRD02,target_delta_6h,limix,4b3b241e-ba89-462a-b026-f7c68202eee8,2833129,"Will the price of Bitcoin be above $62,000 on July 14?",BTC,long_no,2026-07-14T02:30:00+00:00,,0.32999999999999996,,100.0,,,False,no_future_snapshot
TRD02,target_delta_6h,limix,9710bfa5-40eb-4f49-bf43-2c322c0a8374,2833134,"Will the price of Bitcoin be above $64,000 on July 14?",BTC,long_no,2026-07-14T02:30:00+00:00,,0.954,,100.0,,,False,no_future_snapshot
TRD02,target_delta_6h,limix,6047fbd9-9cb4-4fa2-a496-faa5125670cf,2845810,Over $20M committed to the Credible public sale?,,long_yes,2026-07-14T02:30:00+00:00,,0.998,,100.0,,,False,no_future_snapshot
TRD02,target_delta_6h,limix,cbc7f299-0c4e-4d6f-96ca-35c117e17d96,2845811,Over $25M committed to the Credible public sale?,,long_yes,2026-07-14T02:30:00+00:00,,0.939,,100.0,,,False,no_future_snapshot
TRD02,target_delta_6h,limix,03d3de41-e06c-4fab-a575-53ee8adb370e,2845812,Over $30M committed to the Credible public sale?,,long_yes,2026-07-14T02:30:00+00:00,,0.7,,100.0,,,False,no_future_snapshot
TRD02,target_delta_6h,limix,ad103fa3-7c43-4901-8371-82f6793906a3,2845814,Over $40M committed to the Credible public sale?,,long_yes,2026-07-14T02:30:00+00:00,,0.39,,100.0,,,False,no_future_snapshot
TRD02,target_delta_6h,limix,10022df3-32fd-46eb-b230-07fcc3587ff2,2846308,"Will the price of Bitcoin be above $52,000 on July 15?",BTC,long_yes,2026-07-14T02:00:00+00:00,,,,100.0,,,False,missing_entry_price
TRD02,target_delta_6h,limix,7bd73ed2-8244-4a29-8ee4-a50ca39feb1d,2846320,"Will the price of Bitcoin be above $60,000 on July 15?",BTC,long_no,2026-07-14T02:30:00+00:00,,0.06000000000000005,,100.0,,,False,no_future_snapshot
TRD02,target_delta_6h,limix,4cce3119-9556-424a-9d39-209ce6cb0104,2850432,"Will the Houthis successfully target shipping by July 31, 2026?",,long_no,2026-07-14T02:30:00+00:00,,0.62,,100.0,,,False,no_future_snapshot
TRD02,target_delta_6h,limix,bf249aac-f5f3-4fef-8f5e-f01798d6d0c8,2851419,Iran military action against a Gulf State on July 14?,IRAN,long_no,2026-07-14T02:30:00+00:00,,0.38,,100.0,,,False,no_future_snapshot
TRD02,target_delta_6h,limix,c3b18879-18a5-42ba-8da2-a2e336a2b4ee,2851425,Iran military action against a Gulf State on July 20?,IRAN,long_yes,2026-07-14T02:00:00+00:00,,0.25,,100.0,,,False,no_future_snapshot
TRD02,target_delta_6h,limix,003538b0-3b44-4cf9-a00e-b1f2f957d4a5,2851427,Iran military action against a Gulf State on July 22?,IRAN,long_no,2026-07-14T02:30:00+00:00,,0.8,,100.0,,,False,no_future_snapshot
TRD02,target_delta_6h,limix,0990419e-609f-466f-a4e7-f0fa4cd3a145,2851432,Iran military action against a Gulf State on July 27?,IRAN,long_yes,2026-07-14T02:30:00+00:00,,0.22,,100.0,,,False,no_future_snapshot
TRD02,target_delta_6h,limix,6e61569c-271c-4b81-9b2c-89e1cc5b49b3,2851434,Iran military action against a Gulf State on July 29?,IRAN,long_yes,2026-07-14T02:30:00+00:00,,0.27,,100.0,,,False,no_future_snapshot
TRD02,target_delta_6h,limix,a7d1f363-dc4e-4e88-8c79-436f48484e0d,2851435,Iran military action against a Gulf State on July 30?,IRAN,long_yes,2026-07-14T02:30:00+00:00,,0.18,,100.0,,,False,no_future_snapshot
TRD02,target_delta_6h,limix,febde2b9-4b7a-493f-8bb7-1cb47248d7b8,2851436,Iran military action against a Gulf State on July 31?,IRAN,long_yes,2026-07-14T02:30:00+00:00,,0.22,,100.0,,,False,no_future_snapshot
TRD02,target_delta_6h,limix,a054c98c-0261-478d-833e-02936f19c708,2853039,Will the US announce withdrawal from MOU negotiations by July 17?,,long_no,2026-07-14T02:30:00+00:00,,0.895,,100.0,,,False,no_future_snapshot
TRD02,target_delta_6h,limix,45810491-7de4-4e28-af72-fe20962c1395,2853044,Will Iran announce withdrawal from MOU negotiations by July 17?,IRAN,long_yes,2026-07-14T02:30:00+00:00,,0.145,,100.0,,,False,no_future_snapshot
TRD02,target_delta_6h,limix,c960d67f-ca63-4995-85ca-3285b8f13d0b,2853082,"Will 40 ships transit the Strait of Hormuz on any day by July 31, 2026?",,long_yes,2026-07-14T02:30:00+00:00,,0.25,,100.0,,,False,no_future_snapshot
TRD02,target_delta_6h,limix,e9fd0fbf-ab27-40d7-9490-ba22e0d8f3a6,2860493,"Will the price of Bitcoin be above $52,000 on July 16?",BTC,long_yes,2026-07-14T02:30:00+00:00,,,,100.0,,,False,missing_entry_price
TRD02,target_delta_6h,limix,5b2917bc-22fc-4944-940b-1ccf227b5220,2891204,Granby: Aleksandar Vukic vs Liam Broady,,long_yes,2026-07-14T02:30:00+00:00,,0.737,,100.0,,,False,no_future_snapshot
TRD02,target_delta_6h,limix,3316b978-bd9e-4be3-8a61-f01ab4562b48,2891217,Granby: Nicolas Arseneault vs Andres Martin,,long_no,2026-07-14T02:30:00+00:00,,0.0010000000000000009,,100.0,,,False,no_future_snapshot
TRD02,target_delta_6h,limix,61d5f9c5-4c99-4158-8ee7-814c9ddf6c9f,2891261,Granby: Yuta Shimizu vs Jay Dylan Friend,,long_no,2026-07-14T02:30:00+00:00,,0.0010000000000000009,,100.0,,,False,no_future_snapshot
TRD02,target_delta_6h,limix,3e169b63-6b22-414d-b942-f3c6b64faef6,2891268,Granby: Justin Boulais vs Zhizhen Zhang,,long_no,2026-07-14T02:00:00+00:00,,0.0010000000000000009,,100.0,,,False,no_future_snapshot
TRD02,target_delta_6h,limix,3c515f4f-0d58-49dd-ab8f-b6cc6b185df7,2891323,Lincoln: J.J. Wolf vs Andrew Fenty,,long_yes,2026-07-14T02:30:00+00:00,,0.477,,100.0,,,False,no_future_snapshot
TRD02,target_delta_6h,limix,96c944d7-80a4-4d19-8f3b-32e8bae6ebde,2898155,Counter-Strike: SPARTA vs ENCE (BO3) - European Pro League Series 8 Group C,,long_yes,2026-07-14T02:30:00+00:00,,0.67,,100.0,,,False,no_future_snapshot
TRD02,target_delta_6h,limix,35ad6c86-de70-42a5-93c9-b9b69ec5cd91,2898293,Counter-Strike: eSuba vs Misa Esports - Map 2 Winner,,long_no,2026-07-14T02:30:00+00:00,,0.61,,100.0,,,False,no_future_snapshot
TRD02,target_delta_6h,limix,4ed4f5fa-3705-48b7-8874-37286d59df42,2898504,Will Anthropic extend Claude Fable 5 paid-plan access again by July 19?,CLAUDE,long_yes,2026-07-14T02:30:00+00:00,,0.54,,100.0,,,False,no_future_snapshot
TRD02,target_delta_6h,limix,b64453a6-0f3c-46cb-aa74-867d91ddfd67,2900978,Bitcoin Up or Down on July 14?,BTC,long_no,2026-07-14T02:30:00+00:00,,0.5700000000000001,,100.0,,,False,no_future_snapshot
TRD02,target_delta_6h,limix,3364e946-5507-478e-b69e-55b18ac53928,2901785,"Will Bitcoin dip to $61,000 on July 13?",BTC,long_no,2026-07-14T02:30:00+00:00,,0.994,,100.0,,,False,no_future_snapshot
TRD02,target_delta_6h,limix,402ae570-622b-49f7-b0b7-960b617b89f5,2901821,"Will Ethereum reach $2,000 July 13-19?",ETH,long_no,2026-07-14T02:30:00+00:00,,0.945,,100.0,,,False,no_future_snapshot
TRD02,target_delta_6h,limix,1cc6b317-237e-4ac2-87ab-a8e324494caa,2901833,"Will Ethereum dip to $1,750 on July 13?",ETH,long_no,2026-07-14T02:30:00+00:00,,0.99,,100.0,,,False,no_future_snapshot
TRD02,target_delta_6h,limix,6ad90b01-6120-4dcd-9cbe-c0059cf9f477,2901851,ODI Series West Indies vs. New Zealand: West Indies vs New Zealand,,long_yes,2026-07-14T02:30:00+00:00,,0.001,,100.0,,,False,no_future_snapshot
TRD02,target_delta_6h,limix,10d51821-05f4-4ce5-b73b-2465ece37755,616902,Will no Fed rate cuts happen in 2026?,FED,long_yes,2026-07-14T02:30:00+00:00,,0.802,,100.0,,,False,no_future_snapshot
TRD02,target_delta_6h,limix,bd2d5cc1-a4f5-4d7f-849c-43b5563b989d,665374,Will the U.S. invade Iran before 2027?,IRAN,long_yes,2026-07-14T02:30:00+00:00,,0.2,,100.0,,,False,no_future_snapshot
TRD02,target_delta_6h,limix,ce542384-05e6-4b49-8ef5-61d8eef72346,701553,"Will Ethereum dip to $1,000 by December 31, 2026?",ETH,long_yes,2026-07-14T02:30:00+00:00,,0.16,,100.0,,,False,no_future_snapshot
TRD02,target_delta_6h,limix,555bf478-992e-4d90-8659-41031ab40f88,898417,Will Fernando Alonso be the 2026 F1 Drivers' Champion?,,long_yes,2026-07-14T02:30:00+00:00,,0.001,,100.0,,,False,no_future_snapshot
TRD02,target_delta_6h,limix,28356082-e653-4f8f-935a-af503714e4d5,908713,Fed rate hike in 2026?,FED,long_yes,2026-07-14T02:30:00+00:00,,0.72,,100.0,,,False,no_future_snapshot
